cu_num,libtype,B,M,N,K,kernelId,splitK,us,kernelName,tflops
256,ck,1,16,1024,4096,8,1,26.5,a8w8_batched_blockscale_1x128x128_256x16x64x256_16x16_16x16_1x1_16x16x1_16x16x1_1x16x1x16_4_1x1_intrawave_v1,5.064819924528302
256,ck,1,32,1024,4096,8,1,26.84,a8w8_batched_blockscale_1x128x128_256x16x64x256_16x16_16x16_1x1_16x16x1_16x16x1_1x16x1x16_4_1x1_intrawave_v1,10.001321013412818
256,ck,1,48,1024,4096,8,1,27.21,a8w8_batched_blockscale_1x128x128_256x16x64x256_16x16_16x16_1x1_16x16x1_16x16x1_1x16x1x16_4_1x1_intrawave_v1,14.797985446527013
256,ck,1,64,1024,4096,8,1,27.12,a8w8_batched_blockscale_1x128x128_256x16x64x256_16x16_16x16_1x1_16x16x1_16x16x1_1x16x1x16_4_1x1_intrawave_v1,19.796125073746314
256,ck,1,96,1024,4096,8,1,26.969,a8w8_batched_blockscale_1x128x128_256x16x64x256_16x16_16x16_1x1_16x16x1_16x16x1_1x16x1x16_4_1x1_intrawave_v1,29.860445993548147
256,ck,1,128,1024,4096,8,1,27.01,a8w8_batched_blockscale_1x128x128_256x16x64x256_16x16_16x16_1x1_16x16x1_16x16x1_1x16x1x16_4_1x1_intrawave_v1,39.75349218807849
256,ck,1,256,1024,4096,8,1,27.139,a8w8_batched_blockscale_1x128x128_256x16x64x256_16x16_16x16_1x1_16x16x1_16x16x1_1x16x1x16_4_1x1_intrawave_v1,79.1290632668853
256,ck,1,512,1024,4096,3,1,27.42,a8w8_batched_blockscale_1x128x128_256x64x64x128_16x16_32x32_1x1_8x32x1_8x32x1_1x32x1x8_8_1x1_intrawave_v3,156.63629817651346
256,ck,1,1024,1024,4096,3,1,27.85,a8w8_batched_blockscale_1x128x128_256x64x64x128_16x16_32x32_1x1_8x32x1_8x32x1_1x32x1x8_8_1x1_intrawave_v3,308.43571245960504
256,ck,1,2048,1024,4096,2,1,33.9,a8w8_batched_blockscale_1x128x128_256x64x128x128_16x16_32x32_1x2_8x32x1_8x32x1_1x32x1x8_8_1x1_intrawave_v3,506.7808018879056
256,ck,1,4096,1024,4096,0,1,44.25,a8w8_batched_blockscale_1x128x128_256x128x128x128_16x16_32x32_2x2_8x32x1_8x32x1_1x32x1x8_8_1x1_intrawave_v3,776.4912625536724
256,ck,2,16,1024,4096,6,1,32.1,a8w8_batched_blockscale_1x128x128_256x16x64x128_8x16_16x16_1x1_16x16x1_8x32x1_1x16x1x16_4_1x1_intrawave_v1,8.362475264797508
256,ck,2,32,1024,4096,6,1,32.78,a8w8_batched_blockscale_1x128x128_256x16x64x128_8x16_16x16_1x1_16x16x1_8x32x1_1x16x1x16_4_1x1_intrawave_v1,16.378002196461257
256,ck,2,48,1024,4096,6,1,32.769,a8w8_batched_blockscale_1x128x128_256x16x64x128_8x16_16x16_1x1_16x16x1_8x32x1_1x16x1x16_4_1x1_intrawave_v1,24.575250022887488
256,ck,2,64,1024,4096,6,1,33.689,a8w8_batched_blockscale_1x128x128_256x16x64x128_8x16_16x16_1x1_16x16x1_8x32x1_1x16x1x16_4_1x1_intrawave_v1,31.872178574608927
256,ck,2,96,1024,4096,6,1,33.99,a8w8_batched_blockscale_1x128x128_256x16x64x128_8x16_16x16_1x1_16x16x1_8x32x1_1x16x1x16_4_1x1_intrawave_v1,47.38489955869373
256,ck,2,128,1024,4096,6,1,34.05,a8w8_batched_blockscale_1x128x128_256x16x64x128_8x16_16x16_1x1_16x16x1_8x32x1_1x16x1x16_4_1x1_intrawave_v1,63.068535917768
256,ck,2,256,1024,4096,8,1,39.929,a8w8_batched_blockscale_1x128x128_256x16x64x256_16x16_16x16_1x1_16x16x1_16x16x1_1x16x1x16_4_1x1_intrawave_v1,107.56511047108617
256,ck,2,512,1024,4096,3,1,44.439,a8w8_batched_blockscale_1x128x128_256x64x64x128_16x16_32x32_1x1_8x32x1_8x32x1_1x32x1x8_8_1x1_intrawave_v3,193.2972072278854
256,ck,2,1024,1024,4096,3,1,46.25,a8w8_batched_blockscale_1x128x128_256x64x64x128_16x16_32x32_1x1_8x32x1_8x32x1_1x32x1x8_8_1x1_intrawave_v3,371.4566310054054
256,ck,2,2048,1024,4096,2,1,53.49,a8w8_batched_blockscale_1x128x128_256x64x128x128_16x16_32x32_1x2_8x32x1_8x32x1_1x32x1x8_8_1x1_intrawave_v3,642.3581672836045
256,ck,2,4096,1024,4096,2,1,76.599,a8w8_batched_blockscale_1x128x128_256x64x128x128_16x16_32x32_1x2_8x32x1_8x32x1_1x32x1x8_8_1x1_intrawave_v3,897.132818130785
256,ck,8,16,1024,4096,8,1,109.759,a8w8_batched_blockscale_1x128x128_256x16x64x256_16x16_16x16_1x1_16x16x1_16x16x1_1x16x1x16_4_1x1_intrawave_v1,9.78272236445303
256,ck,8,32,1024,4096,8,1,111.679,a8w8_batched_blockscale_1x128x128_256x16x64x256_16x16_16x16_1x1_16x16x1_16x16x1_1x16x1x16_4_1x1_intrawave_v1,19.229073039694125
256,ck,8,48,1024,4096,8,1,111.078,a8w8_batched_blockscale_1x128x128_256x16x64x256_16x16_16x16_1x1_16x16x1_16x16x1_1x16x1x16_4_1x1_intrawave_v1,28.999671150002705
256,ck,8,64,1024,4096,8,1,111.038,a8w8_batched_blockscale_1x128x128_256x16x64x256_16x16_16x16_1x1_16x16x1_16x16x1_1x16x1x16_4_1x1_intrawave_v1,38.6801572074425
256,ck,8,96,1024,4096,8,1,111.439,a8w8_batched_blockscale_1x128x128_256x16x64x256_16x16_16x16_1x1_16x16x1_16x16x1_1x16x1x16_4_1x1_intrawave_v1,57.81145688672727
256,ck,8,128,1024,4096,8,1,111.539,a8w8_batched_blockscale_1x128x128_256x16x64x256_16x16_16x16_1x1_16x16x1_16x16x1_1x16x1x16_4_1x1_intrawave_v1,77.01283490079703
256,ck,8,256,1024,4096,8,1,113.128,a8w8_batched_blockscale_1x128x128_256x16x64x256_16x16_16x16_1x1_16x16x1_16x16x1_1x16x1x16_4_1x1_intrawave_v1,151.8622196450039
256,ck,8,512,1024,4096,5,1,134.048,a8w8_batched_blockscale_1x128x128_256x16x128x128_8x16_16x16_1x2_16x16x1_8x32x1_1x16x1x16_8_1x2_intrawave_v1,256.3241403676295
256,ck,8,1024,1024,4096,3,1,138.579,a8w8_batched_blockscale_1x128x128_256x64x64x128_16x16_32x32_1x1_8x32x1_8x32x1_1x32x1x8_8_1x1_intrawave_v3,495.88665480339733
256,ck,8,2048,1024,4096,2,1,166.467,a8w8_batched_blockscale_1x128x128_256x64x128x128_16x16_32x32_1x2_8x32x1_8x32x1_1x32x1x8_8_1x1_intrawave_v3,825.6228169667261
256,ck,8,4096,1024,4096,0,1,245.797,a8w8_batched_blockscale_1x128x128_256x128x128x128_16x16_32x32_2x2_8x32x1_8x32x1_1x32x1x8_8_1x1_intrawave_v3,1118.3127009035913
256,ck,16,16,1024,4096,8,1,204.657,a8w8_batched_blockscale_1x128x128_256x16x64x256_16x16_16x16_1x1_16x16x1_16x16x1_1x16x1x16_4_1x1_intrawave_v1,10.493086715822084
256,ck,16,32,1024,4096,8,1,207.787,a8w8_batched_blockscale_1x128x128_256x16x64x256_16x16_16x16_1x1_16x16x1_16x16x1_1x16x1x16_4_1x1_intrawave_v1,20.670048155081886
256,ck,16,48,1024,4096,8,1,209.747,a8w8_batched_blockscale_1x128x128_256x16x64x256_16x16_16x16_1x1_16x16x1_16x16x1_1x16x1x16_4_1x1_intrawave_v1,30.71534250311089
256,ck,16,64,1024,4096,8,1,209.108,a8w8_batched_blockscale_1x128x128_256x16x64x256_16x16_16x16_1x1_16x16x1_16x16x1_1x16x1x16_4_1x1_intrawave_v1,41.07893811810165
256,ck,16,96,1024,4096,8,1,209.437,a8w8_batched_blockscale_1x128x128_256x16x64x256_16x16_16x16_1x1_16x16x1_16x16x1_1x16x1x16_4_1x1_intrawave_v1,61.521612169769426
256,ck,16,128,1024,4096,8,1,209.127,a8w8_batched_blockscale_1x128x128_256x16x64x256_16x16_16x16_1x1_16x16x1_16x16x1_1x16x1x16_4_1x1_intrawave_v1,82.15041187412433
256,ck,16,256,1024,4096,8,1,210.657,a8w8_batched_blockscale_1x128x128_256x16x64x256_16x16_16x16_1x1_16x16x1_16x16x1_1x16x1x16_4_1x1_intrawave_v1,163.10750826224623
256,ck,16,512,1024,4096,5,1,253.437,a8w8_batched_blockscale_1x128x128_256x16x128x128_8x16_16x16_1x2_16x16x1_8x32x1_1x16x1x16_8_1x2_intrawave_v1,271.1501348895386
256,ck,16,1024,1024,4096,3,1,264.037,a8w8_batched_blockscale_1x128x128_256x64x64x128_16x16_32x32_1x1_8x32x1_8x32x1_1x32x1x8_8_1x1_intrawave_v3,520.5291435367013
256,ck,16,2048,1024,4096,2,1,355.905,a8w8_batched_blockscale_1x128x128_256x64x128x128_16x16_32x32_1x2_8x32x1_8x32x1_1x32x1x8_8_1x1_intrawave_v3,772.335052735983
256,ck,16,4096,1024,4096,0,1,532.823,a8w8_batched_blockscale_1x128x128_256x128x128x128_16x16_32x32_2x2_8x32x1_8x32x1_1x32x1x8_8_1x1_intrawave_v3,1031.7794349868532
